customer_id,customer_name,recency,frequency,monetary,avg_order_value,value_density,cluster
AA-10315,Alex Avila,3273,5,5563.5599999999995,1112.712,1.6993158216249236,1
AA-10375,Allen Armold,3108,9,1056.39,117.37666666666668,0.3397844966227083,0
AA-10480,Andrew Allen,3348,4,1790.512,447.628,0.5346407882950134,1
AA-10645,Anna Andreadi,3144,6,5086.935,847.8225000000001,1.6174674085850558,0
AB-10015,Aaron Bergman,3504,3,886.156,295.38533333333334,0.2528262482168331,3
AB-10060,Adam Bellavance,3143,8,7755.619999999999,969.4524999999999,2.466800254452926,2
AB-10105,Adrian Barton,3130,10,14473.571,1447.3571,4.622667198977962,2
AB-10150,Aimee Bixby,3130,5,966.7099999999999,193.34199999999998,0.30875439156818907,1
AB-10165,Alan Barnes,3114,8,1113.838,139.22975,0.3575723916532905,0
AB-10255,Alejandro Ballentine,3255,9,914.532,101.61466666666666,0.2808759213759214,0
AB-10600,Ann Blume,3139,4,1515.8619999999999,378.96549999999996,0.4827585987261146,1
AC-10420,Alyssa Crouse,3321,3,925.8,308.59999999999997,0.27868753762793497,1
AC-10450,Amy Cox,3100,7,5527.846,789.6922857142856,1.7826010964205095,0
AC-10615,Ann Chong,3095,5,2537.686,507.53720000000004,0.8196660206718347,1
AC-10660,Anna Chung,3371,5,657.316,131.4632,0.19493357058125743,1
AD-10180,Alan Dominguez,3118,8,6106.879999999999,763.3599999999999,1.9579608848990058,0
AF-10870,Art Ferguson,3130,7,2052.9080000000004,293.2725714285715,0.6556716703928458,0
AF-10885,Art Foster,3504,4,861.5649999999999,215.39124999999999,0.24581027104136946,3
AG-10270,Alejandro Grove,3367,5,2582.8979999999997,516.5795999999999,0.7668937054631828,1
AG-10300,Aleksandra Gannaway,3207,4,367.548,91.887,0.11457231920199501,1
AG-10330,Alex Grayson,3097,5,660.972,132.1944,0.21335442220787604,1
AG-10390,Allen Goldenen,3203,5,200.945,40.189,0.0627169163545568,1
AG-10495,Andrew Gjertsen,3167,8,2356.855,294.606875,0.7439567550505051,0
AG-10525,Andy Gerbode,3934,4,1455.038,363.7595,0.3697682337992376,3
AG-10675,Anna Gayman,3186,7,3489.0395999999996,498.4342285714285,1.094772387825541,0
AG-10765,Anthony Garverick,3166,4,170.58399999999997,42.645999999999994,0.053862961793495416,1
AG-10900,Arthur Gainer,3185,10,4510.797,451.07969999999995,1.4158182674199622,0
AH-10030,Aaron Hawkins,3101,7,1744.6999999999998,249.2428571428571,0.5624435847840102,0
AH-10075,Adam Hart,3123,10,3250.337,325.0337,1.0404407810499359,0
AH-10120,Adrian Hane,3149,7,1735.5140000000001,247.93057142857145,0.5509568253968254,0
AH-10195,Alan Haines,3144,4,1587.4519999999998,396.86299999999994,0.5047542130365659,1
AH-10210,Alan Hwang,3095,9,4805.344,533.9271111111111,1.5521136950904393,0
AH-10465,Amy Hunt,3319,5,2495.3916,499.07831999999996,0.7516239759036144,1
AH-10585,Angele Hood,3110,4,738.5039999999999,184.62599999999998,0.23738476374156217,1
AH-10690,Anna HÃ¤berlin,3499,12,7888.294000000001,657.3578333333334,2.2537982857142858,2
AI-10855,Arianne Irving,3102,10,4375.786,437.5786,1.4101791814373188,0
AJ-10780,Anthony Jacobs,3164,7,4867.344000000001,695.3348571428572,1.5378654028436023,0
AJ-10795,Anthony Johnson,3255,7,4501.391,643.0558571428571,1.3824910933660932,0
AJ-10945,Ashley Jarboe,3174,7,1839.2400000000002,262.74857142857144,0.579288188976378,0
AJ-10960,Astrea Jones,3163,3,629.2479999999999,209.7493333333333,0.19887737041719342,1
AM-10360,Alice McCarthy,3117,5,814.0120000000001,162.8024,0.26106863373957667,1
AM-10705,Anne McFarland,3251,8,5664.022,708.00275,1.7417041820418204,0
AO-10810,Anthony O'Donnell,3590,1,161.28,161.28,0.04491228070175439,3
AP-10720,Anne Pryor,3130,8,1638.554,204.81925,0.5233324816352604,0
AP-10915,Arthur Prichep,3187,10,3323.556,332.3556,1.0425207026348808,0
AR-10345,Alex Russell,3200,4,1055.694,263.9235,0.3298013120899719,1
AR-10405,Allen Rosenblatt,3214,5,2236.1279999999997,447.22559999999993,0.6955297045101088,1
AR-10510,Andrew Roberts,3103,5,264.864,52.97279999999999,0.08532989690721648,1
AR-10540,Andy Reiter,3095,6,6608.448,1101.4080000000001,2.134511627906977,2
AR-10570,Anemone Ratner,3623,1,88.15,88.15,0.024323951434878588,3
AR-10825,Anthony Rawles,3147,8,4523.335999999999,565.4169999999999,1.4368919949174077,0
AS-10045,Aaron Smayling,3177,7,3050.6920000000005,435.8131428571429,0.9599408432976716,0
AS-10090,Adam Shillingsburg,3117,9,3255.3099999999995,361.70111111111106,1.0440378447722898,0
AS-10135,Adrian Shami,3130,2,58.82,29.41,0.01878633024592782,1
AS-10225,Alan Schoenberger,3111,5,4260.784,852.1568,1.3691465295629819,1
AS-10240,Alan Shonely,3281,7,584.608,83.51542857142856,0.1781255332114564,1
AS-10285,Alejandro Savely,3108,6,3214.236,535.706,1.033848825989064,1
AS-10630,Ann Steele,3181,7,833.3979999999998,119.05685714285711,0.26191011942174725,1
AT-10435,Alyssa Tate,3110,6,1171.8139999999999,195.3023333333333,0.37666795242687234,1
AT-10735,Annie Thurman,3102,10,3831.8639999999996,383.18639999999994,1.2348901063486948,0
AW-10840,Anthony Witt,3109,4,649.3760000000001,162.34400000000002,0.2088025723472669,1
AW-10930,Arthur Wiediger,3135,7,2852.968,407.56685714285715,0.9097474489795918,0
AY-10555,Andy Yotov,3103,4,497.0139999999999,124.25349999999997,0.16012048969072162,1
AZ-10750,Annie Zypern,3249,6,1622.018,270.33633333333336,0.49908246153846153,1
BB-10990,Barry Blumstein,3194,5,744.3399999999999,148.868,0.23297026604068855,1
BB-11545,Brenda Bowman,3117,9,6765.727999999999,751.7475555555554,2.169893521488133,2
BC-11125,Becky Castell,3291,9,2933.676,325.964,0.8911530984204131,0
BD-11320,Bill Donatelli,3122,12,5718.521000000001,476.5434166666667,1.8310986231187962,0
BD-11500,Bradley Drucker,3124,6,4411.243,735.2071666666667,1.41159776,0
BD-11560,Brendan Dodson,3367,2,320.54,160.27,0.09517220902612827,1
BD-11605,Brian Dahlen,3186,7,3288.4710000000005,469.7815714285715,1.031839033573894,0
BD-11620,Brian DeCherney,3158,6,1538.11,256.35166666666663,0.48689775245330796,1
BD-11635,Brian Derr,3098,3,582.646,194.21533333333332,0.1880109712810584,1
BD-11725,Bruce Degenhardt,3182,6,1526.5,254.41666666666666,0.47957901350926796,1
BD-11770,Bryan Davis,3416,6,658.466,109.74433333333333,0.19270295580918936,1
BE-11335,Bill Eplett,3208,5,4204.676,840.9352000000001,1.3102760984730446,1
BE-11410,Bobby Elias,3187,5,2261.438,452.2876,0.7093594730238394,1
BE-11455,Brad Eason,3343,6,1727.6520000000003,287.94200000000006,0.5166423444976077,1
BF-10975,Barbara Fisher,3180,7,599.7979999999999,85.68542857142856,0.18855642879597606,1
BF-11005,Barry Franz,3128,4,1333.88,333.47,0.4262959411952701,1
BF-11020,Barry FranzÃ¶sisch,3163,8,2888.5060000000003,361.06325000000004,0.9129285714285715,0
BF-11080,Bart Folk,3114,3,272.95,90.98333333333333,0.08762439807383628,1
BF-11170,Ben Ferrer,3105,11,5907.972000000001,537.0883636363637,1.9021159047005798,0
BF-11215,Benjamin Farhat,3154,4,1585.162,396.2905,0.5024285261489699,1
BF-11275,Beth Fritzler,3146,3,791.9899999999999,263.9966666666666,0.25166507785192244,1
BG-11035,Barry Gonzalez,3117,8,2798.948,349.8685,0.8976741500962154,0
BG-11695,Brooke Gillingham,3125,6,1874.172,312.362,0.5995431861804222,1
BG-11740,Bruce Geld,3146,6,1006.356,167.726,0.31978265014299334,1
BH-11710,Brosina Hoffman,3112,8,6255.351000000001,781.9188750000001,2.009428525538066,0
BK-11260,Berenike Kampe,3166,6,659.1379999999999,109.85633333333332,0.20812693400694662,1
BM-11140,Becky Martin,3396,4,11789.630000000001,2947.4075000000003,3.4706005298793055,2
BM-11575,Brendan Murry,3189,6,808.162,134.69366666666667,0.25334231974921634,1
BM-11650,Brian Moss,3122,11,7294.185000000001,663.1077272727274,2.3356340057636893,2
BM-11785,Bryan Mills,3307,10,1338.8419999999999,133.8842,0.40472853688029015,0
BN-11470,Brad Norvell,3113,4,265.296,66.324,0.08519460500963391,1
BN-11515,Bradley Nguyen,3098,5,1459.3440000000005,291.8688000000001,0.47090803484995175,1
BO-11350,Bill Overfelt,3226,5,2682.728,536.5456,0.8313380849085839,1
BO-11425,Bobby Odegard,3164,2,130.83,65.415,0.041336492890995266,1
BP-11050,Barry Pond,3172,5,983.42,196.684,0.30993381657737157,1
BP-11095,Bart Pistole,3106,12,2442.0440000000003,203.5036666666667,0.7859813324750564,0
BP-11155,Becky Pak,3178,6,1697.8609999999999,282.97683333333333,0.5340865051903114,1
BP-11185,Ben Peterman,3090,9,3675.861,408.429,1.1892141701714656,0
BP-11230,Benjamin Patterson,3128,5,1181.4900000000002,236.29800000000006,0.37759348034515827,1
BP-11290,Beth Paige,3101,7,2475.157,353.5938571428572,0.7979229529335913,0
BS-11365,Bill Shonely,3647,5,10501.653,2100.3306000000002,2.8787425986842106,2
BS-11380,Bill Stewart,3117,5,3887.834,777.5668,1.2468999358563182,1
BS-11590,Brendan Sweed,3124,6,2454.9280000000003,409.15466666666674,0.7855769600000001,1
BS-11665,Brian Stugart,3671,3,3288.1099999999997,1096.0366666666666,0.8954547930283223,3
BS-11755,Bruce Stewart,3090,7,2562.382,366.0545714285714,0.828981559365901,0
BS-11800,Bryan Spruell,3354,2,949.4300000000001,474.71500000000003,0.28298956780923995,1
BT-11305,Beth Thompson,3425,5,2567.656,513.5312,0.7494617629889083,1
BT-11395,Bill Tyler,3391,6,2186.613,364.4355,0.6446382665094339,1
BT-11440,Bobby Trafton,3649,4,603.876,150.969,0.1654454794520548,3
BT-11485,Brad Thomas,3748,2,415.19599999999997,207.59799999999998,0.11074846625766871,3
BT-11530,Bradley Talbott,3180,5,2684.492,536.8984,0.8439144922980195,1
BT-11680,Brian Thompson,3109,7,3196.752,456.6788571428571,1.027894533762058,0
BV-11245,Benjamin Venier,3423,5,1523.273,304.65459999999996,0.44488113317757005,1
BW-11065,Barry Weirich,3301,3,385.516,128.50533333333334,0.11675227135069656,1
BW-11110,Bart Watters,3210,8,4750.358,593.79475,1.4794014325755216,0
BW-11200,Ben Wallace,3292,6,1738.4060000000002,289.7343333333334,0.5279095050106286,1
CA-11965,Carol Adams,3185,6,3789.7227999999996,631.6204666666666,1.1894924042686754,1
CA-12055,Cathy Armstrong,3490,5,1679.7240000000002,335.94480000000004,0.4811584073331424,3
CA-12265,Christina Anderson,3145,9,2648.2871999999998,294.2541333333333,0.841795041322314,0
CA-12310,Christine Abelman,3102,4,1421.954,355.4885,0.45825136964228164,1
CA-12775,Cynthia Arntzen,3209,7,3041.5659999999993,434.5094285714285,0.9475283489096571,0
CB-12025,Cassandra Brandow,3136,10,6076.138999999998,607.6138999999998,1.9369266815428747,0
CB-12415,Christy Brittain,3115,8,1949.2,243.65,0.6255455712451862,0
CB-12535,Claudia Bergmann,3286,8,4246.455499999999,530.8069374999999,1.291893976270155,0
CC-12100,Chad Cunningham,3546,6,1770.945,295.15749999999997,0.49927967296306736,3
CC-12145,Charles Crestani,3195,7,2471.65,353.09285714285716,0.773357321652065,0
CC-12220,Chris Cortes,3109,12,3913.418,326.1181666666667,1.2583337620578778,0
CC-12370,Christopher Conant,3132,5,12129.072,2425.8144,3.8713922757740185,2
CC-12430,Chuck Clark,3089,10,2870.0500000000006,287.00500000000005,0.9288187702265375,0
CC-12475,Cindy Chapman,3128,9,1659.438,184.382,0.5303413231064238,0
CC-12550,Clay Cheatham,3116,3,113.832,37.943999999999996,0.03651973051010587,1
CC-12610,Corey Catlett,3123,7,2540.6310000000003,362.9472857142858,0.8132621638924457,0
CC-12670,Craig Carreira,3118,7,2269.7015,324.24307142857145,0.727701667201026,0
CC-12685,Craig Carroll,3888,4,2854.1150000000002,713.5287500000001,0.7338943173052199,3
CD-11920,Carlos Daly,3129,5,2033.968,406.7936,0.6498300319488818,1
CD-11980,Carol Darley,3143,3,639.766,213.2553333333333,0.2034879134860051,1
CD-12280,Christina DeMoss,3131,2,1205.584,602.792,0.3849246487867178,1
CD-12790,Cynthia Delaney,3488,5,1860.732,372.14639999999997,0.5333138435081686,3
CG-12040,Catherine Glotzbach,3138,6,904.468,150.74466666666666,0.28813889773813317,1
CG-12520,Claire Gute,3427,3,1148.7800000000002,382.92666666666673,0.33511668611435247,3
CH-12070,Cathy Hwang,3780,3,1537.236,512.412,0.4065686326368686,3
CJ-11875,Carl Jackson,3454,1,16.52,16.52,0.004781476121562952,3
CJ-12010,Caroline Jumper,3278,8,11164.974,1395.62175,3.4049935956084174,2
CK-12205,Chloris Kastensmidt,3128,13,3154.8550000000005,242.68115384615388,1.0082630233301375,0
CK-12325,Christine Kargatis,3209,5,2945.321,589.0642,0.9175454828660435,1
CK-12595,Clytie Kelty,3132,11,2372.7500000000005,215.7045454545455,0.7573412065113312,0
CK-12760,Cyma Kinney,3171,9,1582.109,175.78988888888887,0.4987733291298865,0
CL-11890,Carl Ludwig,3195,4,1262.014,315.5035,0.3948729662077597,1
CL-12565,Clay Ludtke,3373,12,10880.546,906.7121666666667,3.224820983995258,2
CL-12700,Craig Leslie,3194,5,2353.586,470.71719999999993,0.7366466353677621,1
CM-11815,Candace McMahon,3220,6,1673.8880000000001,278.98133333333334,0.5196796026078858,1
CM-11935,Carlos Meador,3797,2,565.392,282.696,0.1488657187993681,3
CM-12115,Chad McGuire,3097,4,1661.6100000000001,415.40250000000003,0.5363492575855391,1
CM-12160,Charles McCrossin,3115,6,2533.314,422.219,0.8130019255455712,1
CM-12190,Charlotte Melton,3097,6,1475.1440000000002,245.85733333333337,0.4761601032924468,1
CM-12235,Chris McAfee,3474,5,2305.712,461.1424,0.6635142446043165,3
CM-12385,Christopher Martinez,3126,4,8954.019999999999,2238.5049999999997,2.8634537895746717,2
CM-12445,Chuck Magee,3525,3,287.99,95.99666666666667,0.08167612024957459,3
CM-12655,Corinna Mitchell,3116,6,6339.557599999999,1056.5929333333331,2.033865126724414,0
CM-12715,Craig Molinari,4124,4,3984.4524000000006,996.1131000000001,0.9659278545454547,3
Co-12640,Corey-Lock,3638,5,1300.076,260.0152,0.3572618851332784,3
CP-12085,Cathy Prescott,3171,8,5402.253999999999,675.2817499999999,1.703106557377049,0
CP-12340,Christine Phan,3249,8,5888.275000000001,736.0343750000001,1.8117769230769232,0
CR-12580,Clay Rozendal,3146,4,2148.852,537.213,0.6828255481410868,1
CR-12625,Corey Roper,3559,3,475.90000000000003,158.63333333333335,0.1336797752808989,3
CR-12730,Craig Reiter,3167,4,1600.55,400.1375,0.5052241161616161,1
CR-12820,Cyra Reiten,3174,3,1397.8724000000002,465.95746666666673,0.4402747716535434,1
CS-11845,Cari Sayre,3180,5,1278.954,255.7908,0.4020603583778686,1
CS-11860,Cari Schnelling,3251,6,537.632,89.60533333333332,0.16532349323493234,1
CS-11950,Carlos Soltero,3114,11,3036.5469999999996,276.04972727272724,0.9748144462279292,0
CS-12130,Chad Sievert,3578,4,884.64,221.16,0.24717518860016763,3
CS-12175,Charles Sheldon,3321,5,844.4580000000001,168.8916,0.2542016857314871,1
CS-12250,Chris Selesnick,3115,12,2754.2160000000003,229.51800000000003,0.8838947368421054,0
CS-12355,Christine Sundaresam,3095,11,3202.162,291.10563636363634,1.0342900516795865,0
CS-12400,Christopher Schild,3091,9,3651.8585000000007,405.76205555555566,1.181066785252264,0
CS-12460,Chuck Sachs,3116,2,550.644,275.322,0.17665832531280076,1
CS-12490,Cindy Schnelling,3513,4,1077.2285,269.307125,0.30655335799658506,3
CS-12505,Cindy Stewart,3147,6,5690.055,948.3425000000001,1.807514294790343,0
CT-11995,Carol Triggs,3185,8,3241.898,405.23725,1.0175448838669179,0
CV-12295,Christina VanderZanden,3343,5,2830.628,566.1256000000001,0.8464796650717704,1
CV-12805,Cynthia Voltz,3094,9,2370.3136,263.36817777777776,0.7658525363489499,0
CW-11905,Carl Weiss,3111,6,1136.592,189.43200000000002,0.3652287917737789,1
CY-12745,Craig Yedwab,3149,8,2900.026,362.50325,0.9206431746031746,0
DA-13450,Dianna Arnett,3441,4,156.76,39.19,0.04554328878558977,3
DB-12910,Daniel Byrd,3110,8,2171.599,271.449875,0.6980388942462231,0
DB-12970,Darren Budd,3330,5,2839.2272000000003,567.84544,0.8523648153707596,1
DB-13060,Dave Brooks,3105,7,4531.646,647.3779999999999,1.458997424339987,0
DB-13120,David Bremer,3137,7,2973.094,424.7277142857143,0.9474486934353091,0
DB-13210,Dean Braden,3098,10,2332.577,233.25770000000003,0.7526869958050985,0
DB-13270,Deborah Brumfield,3142,8,4655.896999999999,581.9871249999999,1.4813544384346162,0
DB-13360,Dennis Bolton,3353,5,1081.466,216.29319999999998,0.3224406678592725,1
DB-13405,Denny Blanton,3276,4,1711.692,427.923,0.522335062557217,1
DB-13555,Dorothy Badders,3196,7,3908.8027999999995,558.4003999999999,1.222647106662496,0
DB-13615,Doug Bickford,3122,7,1989.05,284.15,0.6369036183157221,0
DB-13660,Duane Benoit,3101,7,1155.202,165.02885714285713,0.37240554480980015,1
DC-12850,Dan Campbell,3126,9,3336.168,370.68533333333335,1.066890949792133,0
DC-13285,Debra Catini,3112,5,1174.618,234.9236,0.3773266945069065,1
DD-13570,Dorothy Dickinson,3130,6,269.54200000000003,44.92366666666667,0.08608815075055894,1
DE-13255,Deanra Eno,3808,5,2550.874,510.17479999999995,0.669696508269887,3
DF-13135,David Flashing,3789,3,2390.534,796.8446666666667,0.6307477572559367,3
DG-13300,Deirdre Greer,3121,5,3195.8179999999998,639.1636,1.023644458680333,1
DH-13075,Dave Hallsten,3366,6,4932.872,822.1453333333334,1.465064449064449,0
DH-13675,Duane Huffman,3865,4,1043.0959999999998,260.77399999999994,0.26981272633212616,3
DJ-13420,Denny Joy,3726,4,2012.52,503.13,0.5399839012610679,3
DJ-13510,Don Jones,3137,8,2501.688,312.711,0.7972237093690249,0
DJ-13630,Doug Jacobs,3101,3,3356.398,1118.7993333333334,1.0820109606705353,1
DK-12835,Damala Kotsonis,3110,12,3256.48,271.37333333333333,1.0467630986820957,0
DK-12895,Dana Kaydos,3134,5,4282.1759999999995,856.4351999999999,1.3659253588516744,1
DK-12985,Darren Koutras,3096,5,1687.0400000000002,337.408,0.5447336131740395,1
DK-13090,Dave Kipp,3131,7,2650.5569999999993,378.6509999999999,0.8462825670498082,0
DK-13150,David Kendrick,3099,2,797.832,398.916,0.25736516129032255,1
DK-13225,Dean Katz,3099,9,4802.393999999999,533.5993333333332,1.5491593548387095,0
DK-13375,Dennis Kane,3108,8,3318.4860000000003,414.81075000000004,1.0673805082019943,0
DL-12865,Dan Lawera,3189,8,1503.112,187.889,0.4711949843260188,0
DL-12925,Daniel Lacy,3146,6,3272.2000000000003,545.3666666666667,1.0397839211947888,1
DL-13315,Delfina Latchford,3111,8,1458.2580000000003,182.28225000000003,0.46859190231362474,0
DL-13330,Denise Leinenbach,3146,4,585.02,146.255,0.18589768033047346,1
DL-13495,Dionis Lloyd,3165,8,3539.322,442.41525,1.1179159823120657,0
Dl-13600,Dorris liebe,3208,5,755.602,151.1204,0.23546338423184793,1
DM-12955,Dario Medina,3203,7,1322.0340000000003,188.86200000000005,0.41261985018726605,1
DM-13015,Darrin Martin,3146,7,6345.102999999999,906.4432857142856,2.0162386399745786,0
DM-13345,Denise Monton,3111,8,4074.472,509.309,1.3092776349614397,0
DM-13525,Don Miller,3570,3,1376.792,458.93066666666664,0.38554802576309155,3
DN-13690,Duane Noonan,3306,7,2139.79,305.6842857142857,0.6470486846084064,0
DO-13435,Denny Ordway,3222,9,1300.0315,144.44794444444446,0.40336068879925535,0
DO-13645,Doug O'Connell,3115,7,1267.3159999999998,181.04514285714282,0.4067124518613607,1
DP-13000,Darren Powers,3215,9,1050.6360000000002,116.73733333333335,0.32669029850746273,0
DP-13105,Dave Poirier,3095,8,2215.002,276.87525,0.7154399224806202,0
DP-13165,David Philippe,3901,2,1058.616,529.308,0.27130087134802666,3
Dp-13240,Dean percer,3173,11,7198.7609999999995,654.4328181818181,2.268040642722117,2
DP-13390,Dennis Pardue,3447,9,5480.724,608.9693333333333,1.5895371229698376,0
DR-12880,Dan Reichenbach,3092,9,6528.034000000001,725.3371111111112,2.1105832525056583,0
DR-12940,Daniel Raglin,3139,8,8350.868,1043.8585,2.659512101910828,2
DS-13030,Darrin Sayre,3182,4,1762.2130000000002,440.55325000000005,0.5536327364121898,1
DS-13180,David Smith,3112,9,2881.8128000000006,320.2014222222223,0.9257349180854483,0
DV-13045,Darrin Van Huff,3108,5,1119.4830000000002,223.89660000000003,0.3600781601801223,1
DV-13465,Dianna Vittorini,3118,6,3341.587,556.9311666666666,1.071364860532222,1
DW-13195,David Wiener,3158,6,1080.751,180.12516666666667,0.34211807534029753,1
DW-13480,Dianna Wilson,3306,5,5271.628000000001,1054.3256000000001,1.5940816449954645,1
DW-13540,Don Weiss,3187,5,344.08,68.816,0.1079297365119197,1
DW-13585,Dorothy Wardle,3331,7,1204.854,172.122,0.3616008403361345,1
EA-14035,Erin Ashbrook,3241,13,2846.705,218.97730769230768,0.8780706354102406,0
EB-13705,Ed Braxton,3137,9,3644.9780000000005,404.9975555555556,1.1615608667941366,0
EB-13750,Edward Becker,3124,10,3236.3140000000003,323.63140000000004,1.0356204800000002,0
EB-13840,Ellis Ballard,3179,5,4358.127999999999,871.6255999999997,1.3704805031446536,1
EB-13870,Emily Burns,3189,10,2767.219,276.7219,0.8674667711598746,0
EB-13930,Eric Barreto,3250,5,944.6000000000001,188.92000000000002,0.2905567517686866,1
EB-13975,Erica Bern,3089,4,1643.255,410.81375,0.5317977346278318,1
EB-14110,Eugene Barchas,3202,6,3071.1260000000007,511.85433333333344,0.9588279737745865,1
EB-14170,Evan Bailliet,3171,6,1186.326,197.721,0.3739993694829761,1
EC-14050,Erin Creighton,3142,5,461.914,92.3828,0.14696595609290486,1
ED-13885,Emily Ducich,3224,8,3484.920000000001,435.6150000000001,1.0805953488372095,0
EG-13900,Emily Grady,3111,5,1832.02,366.404,0.5886953727506427,1
EH-13765,Edward Hooks,3224,12,10310.879999999997,859.2399999999998,3.197172093023255,2
EH-13945,Eric Hoffmann,3306,8,684.171,85.521375,0.20688569700635018,0
EH-13990,Erica Hackney,3494,6,825.9499999999999,137.65833333333333,0.23632331902718168,3
EH-14005,Erica Hernandez,3091,7,1219.53,174.21857142857144,0.39441461836998704,1
EH-14125,Eugene Hildebrand,3241,10,3082.653,308.26529999999997,0.9508491671807525,0
EH-14185,Evan Henry,3194,6,923.8839999999999,153.98066666666665,0.2891655712050078,1
EJ-13720,Ed Jacobs,3391,4,2162.1740000000004,540.5435000000001,0.6374333726415096,1
EJ-14155,Eva Jacobs,3146,5,2656.6910000000003,531.3382,0.8441979663171275,1
EK-13795,Eileen Kiefer,3133,4,1303.4779999999998,325.86949999999996,0.4159151244416081,1
EL-13735,Ed Ludwig,3166,2,124.28,62.14,0.0392421850331544,1
EM-13810,Eleni McCrary,3221,5,2567.0099999999998,513.4019999999999,0.7967132216014897,1
EM-13825,Elizabeth Moffitt,3144,8,2339.5979999999995,292.44974999999994,0.7439103338632749,0
EM-13960,Eric Murdock,3240,5,933.704,186.74079999999998,0.28809132983647023,1
EM-14065,Erin Mull,3136,4,228.99,57.2475,0.07299649346509404,1
EM-14095,Eudokia Martin,3202,4,1041.042,260.2605,0.32502091788947857,1
EM-14140,Eugene Moren,3137,6,4588.436000000001,764.7393333333334,1.4622166985340983,0
EM-14200,Evan Minnotte,3247,3,366.822,122.274,0.1129378078817734,1
EN-13780,Edward Nazzal,3376,4,2199.366,549.8415,0.6512780574474385,1
EP-13915,Emily Phan,3101,17,5478.0608,322.23887058823533,1.765977047066409,0
ER-13855,Elpida Rittenbach,3510,3,1245.788,415.2626666666667,0.3548242665907149,3
ES-14020,Erica Smith,3129,5,3510.4579999999996,702.0916,1.1215520766773162,1
ES-14080,Erin Smith,3117,9,4657.924,517.5471111111111,1.493881975625401,0
FA-14230,Frank Atkinson,3186,7,2984.054,426.2934285714286,0.9363206777533731,0
FC-14245,Frank Carlisle,3159,7,3418.7419999999997,488.3917142857143,1.0818803797468353,0
FC-14335,Fred Chung,3273,7,3889.366,555.6237142857143,1.1879554062309101,0
FG-14260,Frank Gastineau,3123,7,1383.1440000000002,197.59200000000004,0.4427477592829706,0
FH-14275,Frank Hawley,3126,10,4256.272000000001,425.6272000000001,1.3611359130156702,0
FH-14350,Fred Harton,3301,4,2271.2840000000006,567.8210000000001,0.6878509993943066,1
FH-14365,Fred Hopkins,3094,8,6987.195999999998,873.3994999999998,2.2575754442649427,2
FM-14215,Filia McAdams,3096,10,2456.638,245.66379999999998,0.793231514368744,0
FM-14290,Frank Merwin,3125,9,3736.1980000000003,415.13311111111113,1.1952008957133717,0
FM-14380,Fred McMath,3234,9,2523.266,280.3628888888889,0.7799894899536322,0
FO-14305,Frank Olsen,3127,10,2678.438,267.8438,0.8562781329923274,0
FP-14320,Frank Preis,3112,8,4046.746000000001,505.8432500000001,1.299950530035336,0
FW-14395,Fred Wasserman,3451,3,79.75,26.583333333333332,0.02310254924681344,3
GA-14515,George Ashbrook,3238,8,3919.7760000000003,489.97200000000004,1.2101809200370486,0
GA-14725,Guy Armstrong,3094,11,1398.3820000000003,127.12563636363639,0.45181970920840075,0
GB-14530,George Bell,3151,11,1568.4400000000003,142.58545454545458,0.4976015228426397,0
GB-14575,Giulietta Baptist,3102,5,4716.288,943.2575999999999,1.5199123428939734,1
GD-14590,Giulietta Dortch,3094,4,1888.07,472.0175,0.6100387722132472,1
GG-14650,Greg Guthrie,3132,9,2224.0,247.11111111111111,0.7098627513565273,0
GH-14410,Gary Hansen,3164,9,2819.467,313.2741111111111,0.8908268562401264,0
GH-14425,Gary Hwang,3139,4,4172.8460000000005,1043.2115000000001,1.3289318471337581,1
GH-14485,Gene Hale,3476,2,1361.2440000000001,680.6220000000001,0.39149956859361523,3
GH-14665,Greg Hansen,3091,2,146.9408,73.4704,0.0475228978007762,1
GK-14620,Grace Kelly,3201,9,6497.2699999999995,721.9188888888889,2.0291286695815116,2
GM-14440,Gary McGarr,3172,7,3582.8200000000006,511.83142857142866,1.129158525055153,0
GM-14455,Gary Mitchum,3105,6,3078.624,513.1039999999999,0.9911860914359304,1
GM-14500,Gene McClure,3195,10,1255.6819999999998,125.56819999999998,0.3928917396745932,0
GM-14680,Greg Matthias,3241,6,3163.628,527.2713333333334,0.97582603331277,1
GM-14695,Greg Maxwell,3206,3,6049.966000000001,2016.6553333333338,1.8864876831930157,1
GP-14740,Guy Phonely,3854,2,236.53,118.265,0.061356679636835276,3
GR-14560,Georgia Rosenberg,4224,2,1284.38,642.19,0.30399526627218937,3
GT-14635,Grant Thornton,3145,3,9351.212,3117.0706666666665,2.972413223140496,2
GT-14710,Greg Tran,3125,11,11820.12,1074.5563636363638,3.781228406909789,2
GT-14755,Guy Thornton,3123,4,226.43600000000004,56.60900000000001,0.07248271446862997,1
GW-14605,Giulietta Weimer,3117,7,2189.0190000000002,312.71700000000004,0.7020586914688904,0
GZ-14470,Gary Zandusky,3096,9,4355.15,483.9055555555555,1.406247981917985,0
GZ-14545,George Zrebassa,3246,4,2454.6220000000003,613.6555000000001,0.7559661225746844,1
HA-14905,Helen Abelman,3158,7,2163.2999999999997,309.0428571428571,0.6848053181386514,0
HA-14920,Helen Andreada,3109,8,2584.158,323.01975,0.8309189710610932,0
HD-14785,Harold Dahlen,3858,3,251.35999999999999,83.78666666666666,0.06513604560767038,3
HE-14800,Harold Engle,3101,4,883.532,220.883,0.2848265635074146,1
HF-14995,Herbert Flentye,3110,7,2533.164,361.88057142857144,0.8142603664416587,0
HG-14845,Harry Greene,3143,5,785.628,157.12560000000002,0.249881679389313,1
HG-14965,Henry Goldwyn,3112,12,3247.642,270.6368333333333,1.0432515258592996,0
HG-15025,Hunter Glantz,3095,7,3690.2840000000006,527.1834285714286,1.191952196382429,0
HH-15010,Hilary Holden,3161,2,218.668,109.334,0.06915496521189121,1
HJ-14875,Heather Jas,3215,5,358.1,71.62,0.1113495024875622,1
HK-14890,Heather Kirkland,3240,8,4877.784,609.723,1.5050243751928416,0
HL-15040,Hunter Lopez,3132,6,12873.297999999999,2145.5496666666663,4.108936482604532,2
HM-14860,Harry Marie,3091,10,8236.7648,823.6764800000001,2.6638954721862875,2
HM-14980,Henry MacAllister,3336,4,736.276,184.069,0.22064009589451603,1
HP-14815,Harold Pawlan,3119,7,1990.314,284.33057142857143,0.6379211538461539,0
HR-14770,Hallie Redmond,3102,5,1299.288,259.8576,0.41871994843699645,1
HR-14830,Harold Ryan,3248,7,5248.787,749.8267142857143,1.6155084641428132,0
HW-14935,Helen Wasserman,3206,8,9300.254,1162.53175,2.899985656376676,2
HZ-14950,Henia Zydlo,3124,5,886.52,177.304,0.2836864,1
IG-15085,Ivan Gibson,3160,4,744.5740000000001,186.14350000000002,0.23555014236001268,1
IL-15100,Ivan Liston,3231,7,5040.736000000001,720.1051428571429,1.5596336633663368,0
IM-15055,Ionia McGrath,3498,3,2872.63,957.5433333333334,0.8209859959988568,3
IM-15070,Irene Maddox,3479,7,4930.473999999999,704.3534285714285,1.416802873563218,0
JA-15970,Joseph Airdo,3181,8,6491.026,811.37825,2.0399201759899435,2
JB-15400,Jennifer Braxton,3096,10,1791.605,179.1605,0.5784969325153374,0
JB-15925,Joni Blumstein,3826,3,900.5519999999999,300.18399999999997,0.23531539064541415,3
JB-16000,Joy Bell-,3132,7,644.1188000000002,92.01697142857145,0.20559170124481335,1
JB-16045,Julia Barnett,3096,5,2518.1150000000002,503.62300000000005,0.8130820148530837,1
JC-15340,Jasper Cacioppo,3203,4,71.263,17.81575,0.022241885143570537,1
JC-15385,Jenna Caffey,3264,1,1058.108,1058.108,0.3240759571209801,1
JC-15775,John Castell,3247,9,2772.055,308.00611111111107,0.8534652093596059,0
JC-16105,Julie Creighton,3146,5,858.5759999999999,171.71519999999998,0.27282364156339367,1
JD-15790,John Dryer,3206,5,2152.3520000000003,430.47040000000004,0.6711418771437482,1
JD-15895,Jonathan Doherty,3483,11,7610.863999999999,691.8967272727272,2.184518943742824,2
JD-16015,Joy Daniels,3201,6,385.43,64.23833333333333,0.12037164272329794,1
JD-16060,Julia Dunbar,3389,3,695.442,231.814,0.20514513274336282,1
JD-16150,Justin Deggeller,3130,8,8828.0305,1103.5038125,2.8195562120728206,2
JE-15475,Jeremy Ellison,3282,6,1388.6819999999998,231.44699999999997,0.42299177581480346,1
JE-15610,Jim Epp,3137,7,7754.976,1107.8537142857142,2.4713116634799235,2
JE-15715,Joe Elijah,3135,10,8697.843,869.7843,2.773546875,2
JE-15745,Joel Eaton,3140,13,6760.814999999999,520.0626923076923,2.1524403056351478,2
JE-16165,Justin Ellison,3109,3,2697.248,899.0826666666667,0.8672823151125402,1
JF-15190,Jamie Frazer,3154,7,2279.5860000000002,325.6551428571429,0.7225312202852615,0
JF-15295,Jason Fortune-,3314,5,955.1240000000001,191.02480000000003,0.2881218702865762,1
JF-15355,Jay Fein,3194,6,1911.8439999999998,318.6406666666666,0.5983862284820031,1
JF-15415,Jennifer Ferguson,3091,6,2371.4480000000003,395.2413333333334,0.7669624838292368,1
JF-15490,Jeremy Farry,3210,11,1082.9180000000001,98.44709090909092,0.33725256929305514,0
JF-15565,Jill Fjeld,3143,8,4198.331999999999,524.7914999999999,1.3353473282442747,0
JG-15115,Jack Garza,3847,3,2358.676,786.2253333333333,0.6129615384615384,3
JG-15160,James Galang,3090,11,6366.392,578.762909090909,2.059654480750566,0
JG-15310,Jason Gross,3091,6,2240.58,373.43,0.7246377749029754,1
JG-15805,John Grady,3312,6,1507.018,251.16966666666667,0.45488016903108963,1
JH-15430,Jennifer Halladay,3094,4,309.281,77.32025,0.09992924071082392,1
JH-15820,John Huston,3263,6,528.91,88.15166666666666,0.16204350490196076,1
JH-15910,Jonathan Howell,3130,7,959.4770000000001,137.06814285714287,0.30644426700734595,1
JH-15985,Joseph Holt,3118,6,7954.998,1325.8329999999999,2.550496312920808,2
JH-16180,Justin Hirsh,3493,4,2256.394,564.0985,0.6457910704064109,3
JJ-15445,Jennifer Jackson,3572,5,709.1780000000001,141.83560000000003,0.19848250769661352,3
JJ-15760,Joel Jenkins,3842,2,195.0,97.5,0.0507416081186573,3
JK-15205,Jamie Kunitz,3150,5,4427.142000000001,885.4284000000001,1.4049958743256112,1
JK-15325,Jason Klamczynski,3376,3,383.81199999999995,127.93733333333331,0.11365472312703581,1
JK-15370,Jay Kimmel,3133,8,2709.632,338.704,0.8645922144224634,0
JK-15625,Jim Karlsson,3150,7,3760.0280000000002,537.1468571428571,1.193280863218026,0
JK-15640,Jim Kriz,3269,9,4760.434,528.9371111111111,1.4557902140672783,0
JK-15730,Joe Kamberova,3173,10,4867.200000000001,486.7200000000001,1.533459357277883,0
JK-16090,Juliana Krohn,3117,3,3747.6679999999997,1249.2226666666666,1.201946119307248,1
JK-16120,Julie Kriz,3206,10,2932.4840000000004,293.24840000000006,0.9144009978172748,0
JL-15130,Jack Lebron,3097,6,1214.956,202.49266666666665,0.39217430600387343,1
JL-15175,James Lanier,3095,5,1571.523,314.3046,0.5075978682170542,1
JL-15235,Janet Lee,3208,5,2203.7,440.73999999999995,0.6867248363976316,1
JL-15505,Jeremy Lonsdale,3138,6,3173.8740000000003,528.979,1.0111099076138899,1
JL-15835,John Lee,3110,11,9799.923,890.9020909090909,3.1500877531340405,2
JL-15850,John Lucas,3703,6,2725.2560000000003,454.2093333333334,0.7357602591792658,3
JM-15250,Janet Martin,3126,6,3159.1220000000003,526.5203333333334,1.0102724656220021,1
JM-15265,Janet Molinari,3126,5,1804.1460000000002,360.8292,0.5769574672209786,1
JM-15535,Jessica Myrick,3191,7,1733.443,247.6347142857143,0.5430585839598997,0
JM-15580,Jill Matthias,3089,5,303.948,60.78959999999999,0.09836504854368931,1
JM-15655,Jim Mitchum,3097,5,864.947,172.9894,0.2791952872821175,1
JM-15865,John Murray,3198,7,7625.076000000002,1089.2965714285717,2.3835811190997194,2
JM-16195,Justin MacKendrick,3146,10,2833.926,283.3926,0.9005166825548141,0
JO-15145,Jack O'Briant,3146,9,3254.949,361.661,1.034302192564347,0
JO-15280,Jas O'Carroll,3181,6,1934.272,322.3786666666667,0.6078793211816468,1
JO-15550,Jesus Ocampo,3304,5,1090.838,218.1676,0.3300568835098336,1
JP-15460,Jennifer Patt,3126,7,1669.1349999999998,238.44785714285712,0.533781579788935,0
JP-15520,Jeremy Pistek,3097,7,3635.594,519.3705714285715,1.1735293737895416,0
JP-16135,Julie Prescott,3191,9,1707.7099999999998,189.74555555555554,0.5349968671679197,0
JR-15670,Jim Radford,3682,2,1156.658,578.329,0.3140532174857453,3
JR-15700,Jocasta Rupert,3157,1,863.88,863.88,0.2735528815706143,1
JR-16210,Justin Ritter,3122,5,2201.6859999999997,440.33719999999994,0.7049907140569964,1
JS-15595,Jill Stevenson,3208,4,1417.654,354.4135,0.4417743845434715,1
JS-15685,Jim Sink,3131,4,1131.064,282.766,0.36113154533844194,1
JS-15880,John Stevenson,3623,5,3868.02,773.604,1.0673344370860927,3
JS-15940,Joni Sundaresam,3552,5,469.169,93.8338,0.13204869124683366,3
JS-16030,Joy Smith,3117,6,2516.4939999999997,419.4156666666666,0.8070859525336753,1
JW-15220,Jane Waco,3131,6,7721.713999999998,1286.952333333333,2.4654259259259255,2
JW-15955,Joni Wasserman,3094,7,1244.0860000000002,177.72657142857148,0.40196639741518586,1
JW-16075,Julia West,3550,4,1428.731,357.18275,0.4023460996902281,3
KA-16525,Kelly Andreada,3125,7,1519.5060000000003,217.07228571428575,0.4860863723608446,0
KB-16240,Karen Bern,3093,7,3152.6150000000002,450.37357142857144,1.0189447317388494,0
KB-16315,Karl Braun,3385,9,1569.4640000000004,174.38488888888892,0.463515652687537,0
KB-16405,Katrina Bavinger,3206,3,908.821,302.94033333333334,0.28338665419395076,1
KB-16585,Ken Black,3319,12,2744.742,228.72850000000003,0.8267295180722892,0
KB-16600,Ken Brennan,3090,7,983.9220000000001,140.56028571428573,0.3183183435781301,1
KC-16255,Karen Carlisle,3496,6,2120.9539999999997,353.4923333333333,0.6065067200457535,3
KC-16540,Kelly Collister,3186,4,3908.262,977.0655,1.2263137747097586,1
KC-16675,Kimberly Carter,3146,4,1146.05,286.5125,0.36417222751827133,1
KD-16270,Karen Daniels,3573,5,8282.358,1656.4716,2.3173917179630665,2
KD-16345,Katherine Ducich,3130,6,1888.964,314.82733333333334,0.6033101245608432,1
KD-16495,Keith Dawkins,3201,12,8181.255999999999,681.7713333333332,2.555045596502186,2
KD-16615,Ken Dana,3378,5,2243.51,448.70200000000006,0.6639567919502812,1
KE-16420,Katrina Edelman,3115,8,1686.7311999999997,210.84139999999996,0.5413129653401796,0
KF-16285,Karen Ferguson,3186,7,10604.265999999998,1514.8951428571424,3.327350486350799,2
KH-16330,Katharine Harms,3129,8,3312.864,414.108,1.0584230031948882,0
KH-16360,Katherine Hughes,3090,6,3100.612,516.7686666666667,1.0031096732449045,1
KH-16510,Keith Herrera,3111,7,5952.859,850.4084285714287,1.9128724293059127,0
KH-16630,Ken Heidel,3147,9,3918.9660000000003,435.4406666666667,1.2449066073697588,0
KH-16690,Kristen Hastings,3091,7,5990.799,855.8284285714286,1.9375158473479948,0
KL-16555,Kelly Lampkin,3105,8,5016.488000000001,627.0610000000001,1.6150959433354801,0
KL-16645,Ken Lonsdale,3136,12,14175.229,1181.2690833333334,4.518721389862926,2
KM-16225,Kalyca Meade,3103,6,2260.958,376.82633333333337,0.7284014175257733,1
KM-16375,Katherine Murray,3145,8,5620.185999999999,702.5232499999998,1.786454545454545,0
KM-16660,Khloe Miller,3104,5,453.538,90.7076,0.1460669887278583,1
KM-16720,Kunst Miller,3117,8,4909.472000000001,613.6840000000001,1.574558050032072,0
KN-16390,Katherine Nockton,3108,9,2617.2719999999995,290.80799999999994,0.8418372467031198,0
KN-16450,Kean Nguyen,3141,5,2171.962,434.3924,0.6912673456397199,1
KN-16705,Kristina Nunn,3187,8,2280.58,285.0725,0.7153638644918444,0
KS-16300,Karen Seio,3384,3,88.47200000000001,29.49066666666667,0.02613648449039882,1
KT-16465,Kean Takahito,3480,7,3057.1,436.7285714285714,0.8782246480896294,3
KT-16480,Kean Thornton,3189,10,4642.0884,464.20883999999995,1.4552001253918494,0
KW-16435,Katrina Willman,3185,5,4416.52,883.3040000000001,1.386227244193346,1
KW-16570,Kelly Williams,3860,4,449.096,112.274,0.11631598031598031,3
LA-16780,Laura Armstrong,3243,11,8673.222,788.4747272727273,2.6736196054254004,2
LB-16735,Larry Blacks,3137,3,50.188,16.729333333333333,0.015993626513702997,1
LB-16795,Laurel Beltran,3241,8,4985.676,623.2095,1.5378396051819865,0
LC-16870,Lena Cacioppo,3116,8,2580.704,322.588,0.8279448187359641,0
LC-16885,Lena Creighton,3105,12,7663.126,638.5938333333334,2.4672009014810046,2
LC-16930,Linda Cazamias,3130,8,4492.946,561.61825,1.4349875439156818,0
LC-16960,Lindsay Castell,3525,4,3246.6260000000007,811.6565000000002,0.9207674418604653,3
LC-17050,Liz Carlisle,3143,5,2095.064,419.01279999999997,0.6663689567430024,1
LC-17140,Logan Currie,3102,9,2633.5820000000003,292.62022222222225,0.8487212375120852,0
LD-16855,Lela Donovan,3641,1,5.304,5.304,0.001456342668863262,3
LD-17005,Lisa DeCherney,3503,4,1961.934,490.4835,0.5599126712328767,3
LE-16810,Laurel Elliston,3110,6,1469.4500000000003,244.9083333333334,0.4723400835744135,1
LF-17185,Luke Foster,3111,7,3930.509,561.5012857142857,1.263017030848329,0
LH-16750,Larry Hughes,3240,3,287.426,95.80866666666667,0.08868435668003702,1
LH-16900,Lena Hernandez,3110,9,2295.332,255.03688888888888,0.7378116361298618,0
LH-17020,Lisa Hazard,3328,4,318.23900000000003,79.55975000000001,0.09559597476719736,1
LH-17155,Logan Haushalter,3474,9,1739.6889999999999,193.29877777777776,0.5006299280575539,0
LL-16840,Lauren Leatherbury,3338,6,2741.2040000000006,456.8673333333334,0.8209655585504644,1
LM-17065,Liz MacKendrick,3480,5,1346.774,269.35479999999995,0.38689284688307957,3
LO-17170,Lori Olson,3091,5,644.3499999999999,128.86999999999998,0.2083926261319534,1
LP-17080,Liz Pelletier,3129,4,756.6060000000002,189.15150000000006,0.24172715654952084,1
LP-17095,Liz Preis,3098,7,3653.3990000000003,521.9141428571429,1.1788960955146823,0
LR-16915,Lena Radford,3115,6,5142.892000000001,857.1486666666668,1.6504788189987165,0
LR-17035,Lisa Ryan,3221,5,1879.3059999999998,375.86119999999994,0.5832731222842954,1
LS-16945,Linda Southworth,3267,6,2845.2700000000004,474.21166666666676,0.8706456548347614,1
LS-16975,Lindsay Shagiari,3109,9,2988.6740000000004,332.07488888888895,0.9609884244372991,0
LS-17200,Luke Schmidt,3185,6,1010.2560000000001,168.376,0.3170922787193974,1
LS-17230,Lycoris Saunders,3866,3,368.88,122.96,0.09539177657098526,3
LS-17245,Lynn Smith,3123,6,1008.1359999999999,168.02266666666665,0.32270678617157483,1
LT-16765,Larry Tron,3115,3,329.876,109.95866666666666,0.10586521181001284,1
LT-17110,Liz Thompson,3123,8,2936.2519999999995,367.03149999999994,0.939901408450704,0
LW-16825,Laurel Workman,3177,5,2238.0609999999997,447.6121999999999,0.7042356828193832,1
LW-16990,Lindsay Williams,3122,6,3230.308,538.3846666666667,1.0343605507524816,1
LW-17125,Liz Willingham,3294,3,1259.0399999999997,419.6799999999999,0.3821062215477996,1
LW-17215,Luke Weiss,3110,7,5420.513999999999,774.3591428571427,1.7423702989392476,0
MA-17560,Matt Abelman,3153,11,4299.160999999999,390.8328181818181,1.3630821179454657,0
MA-17995,Michelle Arnett,3275,6,2453.284,408.8806666666667,0.7488656898656899,1
MB-17305,Maria Bertelson,3137,10,1548.7020000000002,154.8702,0.49353154875717026,0
MB-18085,Mick Brown,3133,7,1428.231,204.033,0.45572144224633054,0
MC-17275,Marc Crier,3165,8,2725.982,340.74775,0.861017687934302,0
MC-17425,Mark Cousins,3488,5,4432.138,886.4276,1.270317569504156,3
MC-17575,Matt Collins,3116,8,1303.8930000000003,162.98662500000003,0.41831665062560164,0
MC-17590,Matt Collister,3140,6,2426.0669999999996,404.3444999999999,0.7723868194842406,1
MC-17605,Matt Connell,3201,8,2258.192,282.274,0.7052442223610244,0
MC-17635,Matthew Clasen,3278,4,795.154,198.7885,0.24249893260140287,1
MC-17845,Michael Chen,3090,7,3805.7140000000004,543.6734285714286,1.2312241992882564,0
MC-18100,Mick Crebagga,3130,10,2218.98,221.898,0.7087128712871287,0
MC-18130,Mike Caudle,3458,5,1581.998,316.3996,0.4573570396068228,3
MD-17350,Maribeth Dona,3206,7,3766.3820000000005,538.0545714285715,1.174425319613346,0
MD-17860,Michael Dominguez,3125,5,1204.9099999999999,240.98199999999997,0.38544785668586046,1
ME-17320,Maria Etezadi,3131,10,10663.728000000005,1066.3728000000006,3.4047662835249057,2
ME-17725,Max Engle,3117,8,1908.4532000000002,238.55665000000002,0.612076074406671,0
ME-18010,Michelle Ellison,3181,4,1256.9439999999997,314.23599999999993,0.39501697045883083,1
MF-17665,Maureen Fritzler,3510,5,937.039,187.4078,0.2668866419823412,3
MF-18250,Monica Federle,3096,5,1758.3000000000002,351.66,0.5677429770745883,1
MG-17650,Matthew Grinstein,3118,7,3785.276,540.7537142857143,1.2136184674575183,0
MG-17680,Maureen Gastineau,3181,4,2350.188,587.547,0.738588309239472,1
MG-17695,Maureen Gnade,3644,3,1342.282,447.4273333333333,0.3682529492455418,3
MG-17875,Michael Grace,3205,5,1242.8329999999999,248.56659999999997,0.3876584529008109,1
MG-17890,Michael Granlund,3188,9,776.384,86.26488888888889,0.2434568830354343,0
MG-18145,Mike Gockenbach,3173,4,3061.5430000000006,765.3857500000001,0.9645693131695023,1
MG-18205,Mitch Gastineau,3353,1,16.739,16.739,0.004990757304710793,1
MH-17290,Marc Harrigan,3208,6,2394.025,399.00416666666666,0.7460345902150203,1
MH-17440,Mark Haberlin,3465,4,400.016,100.004,0.11541142527409118,3
MH-17455,Mark Hamilton,3174,8,2456.1820000000002,307.02275000000003,0.7736006299212599,0
MH-17620,Matt Hagelstein,3244,4,1252.8,313.2,0.3860708782742681,1
MH-17785,Maya Herman,3187,7,2203.778,314.8254285714285,0.6912728983688833,0
MH-18025,Michelle Huthwaite,3138,5,2984.9480000000003,596.9896000000001,0.9509232239566742,1
MH-18115,Mick Hernandez,3094,9,5503.092999999999,611.4547777777776,1.7780591276252016,0
MJ-17740,Max Jones,3111,7,6320.746,902.9637142857143,2.0310880462724934,0
MK-17905,Michael Kennedy,3117,8,2302.368,287.796,0.7384118024374599,0
MK-18160,Mike Kennedy,3329,4,1031.6019999999999,257.90049999999997,0.30979039039039036,1
ML-17395,Marina Lichtenstein,3158,9,2722.8429999999994,302.53811111111105,0.8619319404874959,0
ML-17410,Maris LaWare,3143,6,2921.5,486.9166666666667,0.9292302798982188,1
ML-17755,Max Ludwig,3118,7,2071.914,295.98771428571433,0.6642879127925618,0
ML-18040,Michelle Lonsdale,3168,3,742.082,247.36066666666667,0.23416913852950458,1
ML-18265,Muhammed Lee,3189,2,162.23200000000003,81.11600000000001,0.05085642633228841,1
MM-17260,Magdelene Morse,3257,4,1314.0230000000001,328.50575000000003,0.40332197667280545,1
MM-17920,Michael Moore,3096,11,3794.08,344.91636363636366,1.225082337746206,0
MM-18055,Michelle Moray,3150,8,2749.881,343.735125,0.8727010472865756,0
MM-18280,Muhammed MacIntyre,3174,9,775.414,86.1571111111111,0.24422488188976377,0
MN-17935,Michael Nguyen,3123,6,2477.946,412.991,0.793196542893726,1
MO-17500,Mary O'Rourke,3161,4,922.487,230.62175,0.29174161922833647,1
MO-17800,Meg O'Connel,3193,8,1687.027,210.878375,0.528186286787727,0
MO-17950,Michael Oakman,3269,2,154.288,77.144,0.04718287461773701,1
MP-17470,Mark Packer,3808,7,3206.1320000000005,458.0188571428572,0.8417253872407457,3
MP-17965,Michael Paige,3161,9,3983.642,442.62688888888886,1.2598488298545223,0
MP-18175,Mike Pelletier,3105,9,5087.919999999999,565.3244444444443,1.6380940115904699,0
MR-17545,Mathew Reese,3214,4,639.1780000000001,159.79450000000003,0.19881119751166412,1
MS-17365,Maribeth Schnelling,3362,10,7443.69,744.3689999999999,2.213407671721677,2
MS-17530,MaryBeth Skach,3523,4,475.65599999999995,118.91399999999999,0.13497616345062427,3
MS-17710,Maurice Satty,3502,6,1613.402,268.9003333333333,0.46057721952612046,3
MS-17770,Maxwell Schwartz,3210,9,3144.6779999999994,349.4086666666666,0.9793453752725007,0
MS-17830,Melanie Seite,3541,4,370.348,92.587,0.10455900621118012,3
MS-17980,Michael Stewart,3115,6,855.1160000000001,142.51933333333335,0.2744274711168165,1
MT-17815,Meg Tillman,3138,6,2890.1389999999997,481.6898333333333,0.9207196559413825,1
MT-18070,Michelle Tran,3292,4,1319.4497999999999,329.86244999999997,0.4006832068023079,1
MV-17485,Mark Van Huff,3116,9,1560.05,173.33888888888887,0.5004972730189284,0
MV-18190,Mike Vittorini,3108,7,1734.5739999999998,247.7962857142857,0.5579202315857188,0
MW-18220,Mitch Webber,3106,7,5341.9,763.1285714285714,1.719311232700354,0
MW-18235,Mitch Willingham,3133,2,5253.876,2626.938,1.676412252712189,1
MY-17380,Maribeth Yedwab,3118,7,2254.2849999999994,322.0407142857142,0.722758897082398,0
MY-18295,Muhammed Yedwab,3160,11,4152.696000000001,377.51781818181826,1.3137285669092063,0
MZ-17335,Maria Zettner,3119,4,593.6060000000001,148.40150000000003,0.19025833333333336,1
MZ-17515,Mary Zewe,3371,6,2564.906,427.4843333333333,0.7606482799525504,1
NB-18580,Nicole Brennan,4254,2,273.87199999999996,136.93599999999998,0.06436474735605169,3
NB-18655,Nona Balk,3108,9,1972.5990000000002,219.17766666666668,0.6344802187198456,0
NC-18340,Nat Carroll,3313,5,2461.4040000000005,492.2808000000001,0.7427290283645143,1
NC-18415,Nathan Cano,3130,6,2218.9900000000002,369.8316666666667,0.7087160651549027,1
NC-18535,Nick Crebassa,3095,7,8241.739,1177.3912857142857,2.6620604005167956,2
NC-18625,Noah Childs,3293,5,1821.742,364.34839999999997,0.5530485731633272,1
ND-18370,Natalie DeCherney,3116,9,4326.139,480.6821111111111,1.3879175489252487,0
ND-18460,Neil Ducich,3272,6,2893.455,482.2425,0.8840375802016498,1
NF-18385,Natalie Fritzler,3168,7,8322.826,1188.9751428571428,2.6263256547806875,2
NF-18475,Neil FranzÃ¶sisch,3614,4,377.16200000000003,94.29050000000001,0.10433250345781467,3
NF-18595,Nicole Fjeld,3203,7,2031.4720000000002,290.21028571428576,0.6340424469413234,0
NG-18355,Nat Gilpin,3137,5,1869.58,373.916,0.59578712555768,1
NG-18430,Nathan Gelder,3137,5,1395.938,279.18760000000003,0.44484958572339073,1
NH-18610,Nicole Hansen,3278,7,2673.29,381.8985714285714,0.8152759987801159,0
NK-18490,Neil Knudson,3159,7,572.048,81.72114285714285,0.18102784810126582,1
NL-18310,Nancy Lomonaco,3147,4,1418.09,354.5225,0.45047331639135957,1
NM-18445,Nathan Mautz,3249,7,6459.344,922.7634285714286,1.9874904615384617,2
NM-18520,Neoma Murray,3333,10,2161.9790000000003,216.19790000000003,0.6484640071985603,0
NP-18325,Naresj Patel,3114,6,5529.62,921.6033333333334,1.775158908507223,0
NP-18670,Nora Paige,3147,5,3908.4020000000005,781.6804000000001,1.24155082592122,1
NP-18685,Nora Pelletier,3495,6,1228.698,204.78300000000002,0.3514582379862701,3
NP-18700,Nora Preis,3227,7,7903.1825,1129.0260714285714,2.4483217162329614,2
NR-18550,Nick Radford,3299,5,2367.277,473.4554,0.7173566666666666,1
NS-18505,Neola Schneider,3095,4,2575.863,643.96575,0.8319970930232558,1
NS-18640,Noel Staavos,3263,13,2964.822999999999,228.0633076923076,0.9083403799019605,0
NW-18400,Natalie Webber,3261,7,7234.014,1033.4305714285715,2.217662170447578,2
NZ-18565,Nick Zandusky,3174,9,2488.3100000000004,276.47888888888895,0.7837196850393702,0
ON-18715,Odella Nelson,3499,9,1567.5199999999998,174.16888888888886,0.44786285714285706,0
OT-18730,Olvera Toch,3154,5,3818.6240000000003,763.7248000000001,1.2103404120443741,1
PA-19060,Pete Armstrong,3192,6,729.4079999999999,121.56799999999998,0.22843971186971498,1
PB-18805,Patrick Bzostek,3114,3,740.3560000000001,246.78533333333337,0.23767447833065813,1
PB-19105,Peter BÃ¼hler,3146,4,688.324,172.081,0.21872386399745788,1
PB-19150,Philip Brown,3186,8,1456.95,182.11875,0.45715406338249137,0
PB-19210,Phillip Breyer,3777,2,132.738,66.369,0.03513446267866596,3
PC-18745,Pamela Coakley,3091,4,1832.064,458.016,0.5925174644243208,1
PC-19000,Pauline Chand,3971,2,1061.488,530.744,0.2672426988922457,3
PF-19120,Peter Fuller,3924,4,9062.863999999998,2265.7159999999994,2.3090099363057317,3
PF-19165,Philip Fox,3285,6,2770.0,461.6666666666667,0.8429701765063907,1
PF-19225,Phillip Flathmann,3203,5,2206.128,441.22560000000004,0.6885543071161049,1
PG-18820,Patrick Gardner,3125,13,3086.9069999999997,237.45438461538458,0.9874942418426103,0
PG-18895,Paul Gonzalez,3146,9,1987.1640000000002,220.79600000000002,0.6314470924690182,0
PH-18790,Patricia Hirasaki,3159,1,729.648,729.648,0.2309012658227848,1
PJ-18835,Patrick Jones,3128,8,1220.0900000000004,152.51125000000005,0.3899296899968042,0
PJ-19015,Pauline Johnson,3223,7,1824.234,260.60485714285716,0.5658294044665012,0
PK-18910,Paul Knutson,3572,2,1441.152,720.576,0.40334508816120906,3
PK-19075,Pete Kriz,3098,12,8646.934000000001,720.5778333333334,2.790233623749597,2
PL-18925,Paul Lucas,3104,5,239.481,47.8962,0.07712753623188405,1
PM-18940,Paul MacIntyre,3475,3,1405.402,468.46733333333333,0.40431588032220944,3
PM-19135,Peter McVee,3140,4,4115.661999999999,1028.9154999999998,1.3103030881884747,1
PN-18775,Parhena Norris,3119,8,1467.152,183.394,0.47024102564102566,0
PO-18850,Patrick O'Brill,3093,11,7473.8282,679.4389272727273,2.4155876535229477,2
PO-18865,Patrick O'Donnell,3089,7,2493.2140000000004,356.17342857142864,0.8068653721682849,0
PO-19180,Philisse Overcash,3249,9,4893.043,543.6714444444444,1.5055516923076921,0
PO-19195,Phillina Ober,3175,5,1056.858,211.3716,0.3327638539042821,1
PP-18955,Paul Prost,3186,10,7252.607999999999,725.2607999999999,2.2756849701914024,2
PR-18880,Patrick Ryan,3125,5,1840.178,368.03560000000004,0.5886685860524632,1
PS-18760,Pamela Stobb,3196,6,2181.4790000000003,363.5798333333334,0.6823518923991243,1
PS-18970,Paul Stevenson,3158,8,1278.639,159.829875,0.40476068376068375,0
PS-19045,Penelope Sewall,3325,7,6843.634,977.662,2.0576169573060734,2
PT-19090,Pete Takahito,3160,4,160.572,40.143,0.050797848782031,1
PV-18985,Paul Van Hugh,3178,5,2876.046,575.2092,0.9047014784523435,1
PW-19030,Pauline Webber,3135,10,3454.916000000001,345.4916000000001,1.101695153061225,0
PW-19240,Pierre Wener,3553,7,3922.415,560.345,1.1036620709060214,3
QJ-19255,Quincy Jones,3114,9,6108.338,678.7042222222221,1.9609431781701443,0
RA-19285,Ralph Arnett,3094,9,2617.906,290.8784444444444,0.8458500807754442,0
RA-19885,Ruben Ausman,3132,7,3832.3140000000003,547.4734285714286,1.2232090647941272,0
RA-19915,Russell Applegate,3101,9,4793.543000000001,532.615888888889,1.5453072211476468,0
RA-19945,Ryan Akin,3150,5,1686.9225000000001,337.3845,0.5353609965090448,1
RB-19330,Randy Bradley,3157,2,1008.1959999999999,504.09799999999996,0.31925142495250153,1
RB-19360,Raymond Buch,3185,6,15117.339,2519.5565,4.744927495291902,2
RB-19435,Richard Bierner,3108,8,2663.086,332.88575,0.8565731746542296,0
RB-19465,Rick Bensley,3098,12,4715.466000000001,392.9555000000001,1.5216089060987419,0
RB-19570,Rob Beeghly,3114,5,528.5459999999999,105.70919999999998,0.16967768860353127,1
RB-19645,Robert Barroso,3737,5,221.084,44.2168,0.05914499732477261,3
RB-19705,Roger Barcio,3143,4,2067.4499999999994,516.8624999999998,0.6575858778625953,1
RB-19795,Ross Baird,3121,8,5633.316000000001,704.1645000000001,1.8043933376041001,0
RC-19825,Roy Collins,3458,6,966.4089999999999,161.06816666666666,0.2793897080080948,3
RC-19960,Ryan Crowe,3199,6,885.752,147.62533333333332,0.2767975,1
RD-19480,Rick Duston,3161,8,4272.93,534.11625,1.351337760910816,0
RD-19585,Rob Dowd,3269,10,2912.8940000000002,291.2894,0.8907932721712539,0
RD-19660,Robert Dilbeck,3203,5,2786.632,557.3264,0.8697353308364545,1
RD-19720,Roger Demir,3110,10,1419.737,141.9737,0.4563603342976535,0
RD-19810,Ross DeVincentis,3103,8,1137.616,142.202,0.3665,0
RD-19900,Ruben Dartt,3203,9,3133.9239999999995,348.21377777777775,0.9781285892634206,0
RD-19930,Russell D'Ascenzo,3131,4,970.942,242.7355,0.31000702426564497,1
RE-19405,Ricardo Emerson,4186,1,48.36,48.36,0.011550035825173156,3
RE-19450,Richard Eichhorn,3391,5,876.696,175.3392,0.25845990566037735,1
RF-19345,Randy Ferguson,3479,8,3309.15,413.64375,0.9509051724137931,0
RF-19735,Roland Fjeld,3178,7,2341.2960000000003,334.4708571428572,0.7364882038376849,0
RF-19840,Roy FranzÃ¶sisch,3095,8,945.2219999999999,118.15274999999998,0.3053042635658914,0
RH-19495,Rick Hansen,3121,5,3621.3759999999997,724.2751999999999,1.1599538757206918,1
RH-19510,Rick Huthwaite,3556,6,6979.18,1163.1966666666667,1.9620972729828507,2
RH-19555,Ritsa Hightower,3608,2,740.382,370.191,0.20514879467996675,3
RH-19600,Rob Haberlin,3623,3,2085.74,695.2466666666666,0.5755353200883001,3
RK-19300,Ralph Kennedy,3208,3,1460.192,486.73066666666665,0.4550302274851979,1
RL-19615,Rob Lucas,3210,8,6234.91,779.36375,1.9417346620990346,0
RM-19375,Raymond Messe,3434,6,1453.4740000000002,242.2456666666667,0.4231365356622999,1
RM-19675,Robert Marley,3095,5,5979.096,1195.8192,1.9312325581395346,1
RM-19750,Roland Murray,3388,1,98.35,98.35,0.029020359988197107,3
RO-19780,Rose O'Brian,3124,7,3815.4780000000005,545.0682857142858,1.2209529600000002,0
RP-19270,Rachel Payne,3585,4,954.6452000000002,238.66130000000004,0.26621450083658676,3
RP-19390,Resi PÃ¶lking,3122,12,5153.084,429.42366666666663,1.6500429074607748,0
RP-19855,Roy Phan,3117,8,2170.716000000001,271.3395000000001,0.6961885824246314,0
RR-19315,Ralph Ritter,3108,2,615.932,307.966,0.19811257639112256,1
RR-19525,Rick Reed,3259,6,3302.262,550.3770000000001,1.0129638036809816,1
RS-19420,Ricardo Sperren,3165,5,3221.29,644.258,1.017463676563487,1
RS-19765,Roland Schwarz,3125,8,4159.7699999999995,519.9712499999999,1.3307005758157389,0
RS-19870,Roy Skaria,3108,2,22.328000000000003,11.164000000000001,0.007181730459954971,1
RW-19540,Rick Wilson,3209,7,7397.401,1056.7715714285714,2.304486292834891,2
RW-19630,Rob Williams,3178,9,3279.746,364.41622222222225,1.0316910978295062,0
RW-19690,Robert Waldorf,3168,5,3495.6460000000006,699.1292000000001,1.1030754181129696,1
SA-20830,Sue Ann Reed,3152,10,4767.3415,476.73415000000006,1.512001744370441,0
SB-20170,Sarah Bern,3290,3,1348.0199999999998,449.3399999999999,0.4096080218778486,1
SB-20185,Sarah Brown,3277,6,6410.995999999999,1068.4993333333332,1.9557644905430138,2
SB-20290,Sean Braxton,3136,7,8057.891,1151.1272857142856,2.568661459993624,2
SC-20020,Sam Craven,3870,5,3362.963599999999,672.5927199999999,0.8687583570136913,3
SC-20050,Sample Company A,3129,9,4624.571999999999,513.8413333333333,1.477499041533546,0
SC-20095,Sanjit Chand,3438,9,14142.334,1571.3704444444445,4.1123390520500145,2
SC-20230,Scot Coram,3238,4,4371.958,1092.9895,1.3497863538129051,1
SC-20260,Scott Cohen,3276,8,3729.7929999999997,466.22412499999996,1.1381730241074153,0
SC-20305,Sean Christensen,3118,7,3979.0650000000005,568.4378571428572,1.2757502404616865,0
SC-20380,Shahid Collister,3119,9,5992.536,665.8373333333334,1.9206846153846153,0
SC-20440,Shaun Chance,3125,7,1874.998,267.85685714285717,0.5998074216250799,0
SC-20575,Sonia Cooley,3181,5,902.7280000000001,180.5456,0.2836983029541169,1
SC-20680,Steve Carroll,3215,6,1254.64,209.10666666666668,0.3901243781094528,1
SC-20695,Steve Chapman,3178,10,2576.408,257.6408,0.8104460522176785,0
SC-20725,Steven Cartwright,3276,11,5226.210000000001,475.11000000000007,1.5948153799206595,0
SC-20770,Stewart Carmichael,3130,7,4492.656999999999,641.8081428571428,1.4348952411370166,0
SC-20800,Stuart Calhoun,3119,4,279.256,69.814,0.0895051282051282,1
SC-20845,Sung Chung,3220,2,280.632,140.316,0.08712573734864949,1
SD-20485,Shirley Daniels,3289,9,6121.113999999999,680.1237777777776,1.8605209726443765,0
SE-20110,Sanjit Engle,3098,11,12209.438000000002,1109.9489090909092,3.939799290093579,2
SF-20065,Sandra Flanagan,3148,7,763.546,109.078,0.24247253096221025,1
SF-20200,Sarah Foster,3148,9,3422.7859999999996,380.3095555555555,1.0869437916798983,0
SF-20965,Sylvia Foulston,3137,9,3336.5350000000003,370.72611111111115,1.063268005098789,0
SG-20080,Sandra Glassco,3097,3,3406.5809999999997,1135.5269999999998,1.0996065203357004,1
SG-20470,Sheri Gordon,3272,8,1884.7980000000002,235.59975000000003,0.5758625114573787,0
SG-20605,Speros Goranitis,3197,6,3124.8320000000003,520.8053333333334,0.9771207004377737,1
SG-20890,Susan Gilcrest,3315,3,47.946,15.982,0.014458986731001206,1
SH-19975,Sally Hughsby,3118,13,3406.839499999999,262.06457692307686,1.092285828791279,0
SH-20395,Shahid Hopkins,3112,10,2180.718,218.0718,0.700519755862512,0
SH-20635,Stefanie Holloman,3854,2,2096.392,1048.196,0.5438111543450065,3
SJ-20125,Sanjit Jacobs,3184,12,3949.656,329.138,1.240080376766091,0
SJ-20215,Sarah Jordon,3118,6,1341.036,223.506,0.4299570375120231,1
SJ-20500,Shirley Jackson,3342,5,1318.7759999999996,263.75519999999995,0.39448878253066094,1
SK-19990,Sally Knutson,3097,3,883.409,294.4696666666667,0.28515461588121366,1
SL-20155,Sara Luxemburg,3159,7,3053.012000000001,436.14457142857157,0.9661430379746839,0
SM-20005,Sally Matthias,3510,4,244.49399999999997,61.12349999999999,0.06963657077755625,3
SM-20320,Sean Miller,3168,5,25043.05,5008.61,7.902508677816345,2
SM-20905,Susan MacKendrick,3695,1,1043.041,1043.041,0.28220806277056276,3
SM-20950,Suzanne McNair,3114,12,5563.392,463.616,1.7860006420545746,0
SN-20560,Skye Norling,3200,6,1860.4180000000001,310.0696666666667,0.5811990003124025,1
SN-20710,Steve Nguyen,3168,7,3127.9592000000002,446.8513142857143,0.9870492899968445,0
SO-20335,Sean O'Donnell,3118,6,2602.5755,433.76258333333334,0.834426258416159,1
SP-20545,Sibella Parks,3416,6,1306.086,217.681,0.38223178226514487,1
SP-20620,Stefania Perrino,3136,9,5440.319,604.4798888888889,1.7342425884603125,0
SP-20650,Stephanie Phelps,3475,9,1872.4360000000001,208.04844444444447,0.5386754890678942,0
SP-20860,Sung Pak,3168,10,4282.94,428.294,1.351511517828968,0
SP-20920,Susan Pistek,3159,6,3990.6890000000003,665.1148333333334,1.262876265822785,0
SR-20425,Sharelle Roach,3097,5,3233.481,646.6962000000001,1.0437317624273725,1
SR-20740,Steven Roelle,3285,8,4345.886,543.23575,1.3225459525258674,0
SS-20140,Saphhira Shifley,3104,8,1324.0280000000002,165.50350000000003,0.4264180354267312,0
SS-20410,Shahid Shariari,3199,6,3056.807,509.4678333333333,0.9552521875,1
SS-20515,Shirley Schmidt,3580,3,613.4000000000001,204.4666666666667,0.1712929349343759,3
SS-20590,Sonia Sunley,3521,6,418.49,69.74833333333333,0.11882169222032936,3
SS-20875,Sung Shariari,3209,5,964.6360000000001,192.92720000000003,0.3005096573208723,1
ST-20530,Shui Tom,3214,7,433.34000000000003,61.90571428571429,0.13478693623639193,1
SU-20665,Stephanie Ulpright,3109,7,2595.3640000000005,370.7662857142858,0.834522186495177,0
SV-20365,Seth Vernon,3190,10,11470.949999999997,1147.0949999999998,3.5947821999373226,2
SV-20785,Stewart Visinsky,3409,9,4105.305,456.14500000000004,1.203901759530792,0
SV-20815,Stuart Van,3165,4,1271.0900000000004,317.7725000000001,0.40148136449778915,1
SV-20935,Susan Vittorini,3091,8,1903.4909999999995,237.93637499999994,0.6156180465717981,0
SW-20245,Scot Wooten,3170,7,1085.078,155.01114285714286,0.3421879533270262,1
SW-20275,Scott Williamson,3119,6,1966.65,327.77500000000003,0.6303365384615385,1
SW-20350,Sean Wendt,3251,3,1019.0439999999999,339.68133333333327,0.3133591635916359,1
SW-20455,Shaun Weien,3251,7,2921.544,417.3634285714285,0.8983837638376383,0
SW-20755,Steven Ward,3623,2,758.696,379.348,0.20935320088300222,3
SZ-20035,Sam Zeldin,3124,11,3625.329,329.57536363636365,1.16010528,0
TA-21385,Tom Ashbrook,3158,4,14595.62,3648.905,4.620329218106996,2
TB-21055,Ted Butterfield,3208,5,1467.881,293.57620000000003,0.4574263010283578,1
TB-21175,Thomas Boland,3147,4,3589.296,897.324,1.1401829733163913,1
TB-21190,Thomas Brumley,3138,4,816.174,204.0435,0.26001083147499204,1
TB-21250,Tim Brockman,3438,7,1602.3760000000004,228.9108571428572,0.4659424251235826,1
TB-21280,Toby Braunhardt,3672,6,2198.4499999999994,366.40833333333325,0.5985434249931934,3
TB-21355,Todd Boyes,3235,5,834.328,166.8656,0.2578269468479604,1
TB-21400,Tom Boeckenhauer,3291,7,9133.99,1304.8557142857142,2.7746020656136086,2
TB-21520,Tracy Blumstein,3196,9,4737.486,526.3873333333333,1.4818536127619644,0
TB-21595,Troy Blackwell,3374,5,1387.5590000000002,277.51180000000005,0.41112859259259266,1
TB-21625,Trudy Brown,3119,9,2797.6679999999997,310.852,0.8966884615384614,0
TC-20980,Tamara Chand,3488,5,19052.218,3810.4436,5.460652909143021,2
TC-21145,Theresa Coyne,3195,1,1038.2600000000002,1038.2600000000002,0.32486232790988745,1
TC-21295,Toby Carlisle,3116,8,4266.812,533.3515,1.368884183509785,0
TC-21475,Tony Chapman,3242,9,1244.976,138.33066666666667,0.38389639222941724,0
TC-21535,Tracy Collins,3093,7,742.558,106.07971428571429,0.2399993535875889,1
TD-20995,Tamara Dahlen,3126,9,1434.548,159.39422222222223,0.45876175247841383,0
TG-21310,Toby Gnade,3426,5,3058.372,611.6744,0.8924341990078786,1
TG-21640,Trudy Glocke,3203,4,2074.661,518.66525,0.6475221598002497,1
TH-21100,Thea Hendricks,3433,5,2422.8239999999996,484.56479999999993,0.705539895165987,3
TH-21115,Thea Hudgings,3147,4,2942.7719999999995,735.6929999999999,0.9348068614993645,1
TH-21235,Tiffany House,3206,8,1022.2010000000001,127.77512500000002,0.31874056750857505,0
TH-21550,Tracy Hopkins,3161,7,4234.0960000000005,604.8708571428572,1.3390562934851362,0
TM-21010,Tamara Manning,3192,8,2955.2259999999997,369.40324999999996,0.9255327278421546,0
TM-21490,Tony Molinari,3219,3,1094.6779999999999,364.8926666666666,0.3399621118012422,1
TN-21040,Tanja Norvell,3179,7,3130.2210000000005,447.1744285714286,0.9843462264150945,0
TP-21130,Theone Pippenger,3097,9,4454.0560000000005,494.8951111111112,1.4377198192382183,0
TP-21415,Tom Prescott,3193,5,5329.0048,1065.80096,1.668442329367564,1
TP-21565,Tracy Poddar,3439,4,1936.64,484.16,0.5629767441860466,3
TR-21325,Toby Ritter,3282,5,675.942,135.1884,0.20589156259518734,1
TS-21085,Thais Sissman,3446,2,4.833,2.4165,0.0014020887728459532,3
TS-21160,Theresa Swint,3593,6,2163.624,360.604,0.6020100166944907,3
TS-21205,Thomas Seio,3287,7,5371.090000000001,767.2985714285716,1.6335431873479322,0
TS-21340,Toby Swindell,3315,5,974.7819999999999,194.95639999999997,0.29396320868516285,1
TS-21370,Todd Sumrall,3125,6,11891.751,1981.9585,3.8041429942418428,2
TS-21430,Tom Stivers,3261,5,2054.14,410.828,0.6297179644389944,1
TS-21505,Tony Sayre,3100,6,2243.274,373.87899999999996,0.7234034182521767,1
TS-21610,Troy Staebel,3144,7,2820.4240000000004,402.91771428571434,0.896796184419714,0
TS-21655,Trudy Schmidt,3327,5,3368.0940000000005,673.6188000000001,1.0120474759615385,1
TT-21070,Ted Trevino,3120,7,4915.602,702.2288571428571,1.5750086510733738,0
TT-21220,Thomas Thornton,3272,8,1427.044,178.3805,0.4360048884815155,0
TT-21265,Tim Taslimi,3495,3,439.5,146.5,0.12571510297482838,3
TT-21460,Tonja Turnell,3101,7,5364.808,766.4011428571429,1.7294674403610575,0
TW-21025,Tamara Willingham,3153,7,5278.826,754.118,1.673692454026633,0
TZ-21580,Tracy Zic,3124,4,1707.2860000000003,426.82150000000007,0.5463315200000001,1
VB-21745,Victoria Brennan,3143,6,2005.5959999999998,334.26599999999996,0.6379122137404579,1
VD-21670,Valerie Dominguez,3670,6,6442.254000000001,1073.709,1.7549043857259605,3
VF-21715,Vicky Freymann,3102,5,847.944,169.5888,0.27326587173702865,1
VG-21790,Vivek Gonzalez,3243,6,846.0100000000002,141.0016666666667,0.26079223181257716,1
VG-21805,Vivek Grady,3375,5,427.37199999999996,85.47439999999999,0.12659123222748814,1
VM-21685,Valerie Mitchum,3143,7,2454.866,350.69514285714286,0.780809796437659,0
VM-21835,Vivian Mathis,3206,5,380.69,76.138,0.11870595572185844,1
VP-21730,Victor Preis,3119,3,993.9019999999999,331.30066666666664,0.31855833333333333,1
VP-21760,Victoria Pisteka,3164,7,3360.5260000000003,480.0751428571429,1.0617775671406005,0
VS-21820,Vivek Sundaresam,3310,4,1055.981,263.99525,0.31893113862881306,1
VT-21700,Valerie Takahito,4089,2,1736.596,868.298,0.4245955990220049,3
VW-21775,Victoria Wilson,3117,10,6134.0380000000005,613.4038,1.9672989095574087,0
WB-21850,William Brown,3109,11,6160.102000000002,560.0092727272729,1.9807401929260455,0
XP-21865,Xylona Preis,3132,11,2374.6579999999994,215.87799999999996,0.7579502074688795,0
YC-21895,Yoseph Carroll,3093,5,5454.349999999999,1090.87,1.7628797672915317,1
YS-21880,Yana Sorensen,3098,8,6720.4439999999995,840.0554999999999,2.1685847047434654,2
ZC-21910,Zuschuss Carroll,3143,13,8025.706999999999,617.3620769230769,2.552705788804071,2
ZD-21925,Zuschuss Donatelli,3291,5,1493.9440000000002,298.78880000000004,0.45381044957472666,1
